ID,NORTHING,EASTING,BEARING,DISTANCE,DEGREE,RADIUS,delta,length,tangent,,,,
Test,,,,,,,,,,,,,
,,,139.3986,930,,670,0.878181612,588.3816799,314.6791006,,1203.702579,,
,,,89.0825,1850,8.551608883,,1.596946595,0,0,,1535.320899,1535.320899,
,,,180.5808,1680,,670,0.755455488,506.1551773,265.8428386,,,,2739.023479
,,,137.2963889,644.048,,0,,,,,,,
