ID,NORTHING,EASTING,BEARING,DISTANCE,DEGREE,RADIUS,,,
Test,,,,,,,,,
,,,139.3602778,928.965,,669.548,139,21,37
,,,89.11666667,1857.21,,667.424,89,7,16
,,,180.8205556,1680.15,,649.905,0,49,14
,,,137.2963889,644.048,,0,42,42,13
